"filename", "language", "C++", "Makefile", "Markdown", "Shell Script", "HTML", "C", "comment", "blank", "total"
"d:\RECENT\校招\技术\Program\TinyWebServer\CGImysql\README.md", "Markdown", 0, 0, 11, 0, 0, 0, 0, 3, 14
"d:\RECENT\校招\技术\Program\TinyWebServer\CGImysql\sql_connection_pool.cpp", "C++", 108, 0, 0, 0, 0, 0, 5, 30, 143
"d:\RECENT\校招\技术\Program\TinyWebServer\CGImysql\sql_connection_pool.h", "C++", 47, 0, 0, 0, 0, 0, 1, 13, 61
"d:\RECENT\校招\技术\Program\TinyWebServer\README.md", "Markdown", 0, 0, 198, 0, 0, 0, 0, 67, 265
"d:\RECENT\校招\技术\Program\TinyWebServer\build.sh", "Shell Script", 0, 0, 0, 1, 0, 0, 1, 1, 3
"d:\RECENT\校招\技术\Program\TinyWebServer\config.cpp", "C++", 65, 0, 0, 0, 0, 0, 10, 11, 86
"d:\RECENT\校招\技术\Program\TinyWebServer\config.h", "C++", 22, 0, 0, 0, 0, 0, 10, 15, 47
"d:\RECENT\校招\技术\Program\TinyWebServer\http\README.md", "Markdown", 0, 0, 6, 0, 0, 0, 0, 1, 7
"d:\RECENT\校招\技术\Program\TinyWebServer\http\http_conn.cpp", "C++", 648, 0, 0, 0, 0, 0, 16, 39, 703
"d:\RECENT\校招\技术\Program\TinyWebServer\http\http_conn.h", "C++", 141, 0, 0, 0, 0, 0, 0, 12, 153
"d:\RECENT\校招\技术\Program\TinyWebServer\lock\README.md", "Markdown", 0, 0, 6, 0, 0, 0, 0, 6, 12
"d:\RECENT\校招\技术\Program\TinyWebServer\lock\locker.h", "C++", 104, 0, 0, 0, 0, 0, 6, 6, 116
"d:\RECENT\校招\技术\Program\TinyWebServer\log\README.md", "Markdown", 0, 0, 8, 0, 0, 0, 0, 2, 10
"d:\RECENT\校招\技术\Program\TinyWebServer\log\block_queue.h", "C++", 171, 0, 0, 0, 0, 0, 13, 29, 213
"d:\RECENT\校招\技术\Program\TinyWebServer\log\log.cpp", "C++", 134, 0, 0, 0, 0, 0, 6, 25, 165
"d:\RECENT\校招\技术\Program\TinyWebServer\log\log.h", "C++", 56, 0, 0, 0, 0, 0, 3, 11, 70
"d:\RECENT\校招\技术\Program\TinyWebServer\main.cpp", "C++", 25, 0, 0, 0, 0, 0, 9, 12, 46
"d:\RECENT\校招\技术\Program\TinyWebServer\makefile", "Makefile", 0, 11, 0, 0, 0, 0, 0, 5, 16
"d:\RECENT\校招\技术\Program\TinyWebServer\root\README.md", "Markdown", 0, 0, 10, 0, 0, 0, 0, 1, 11
"d:\RECENT\校招\技术\Program\TinyWebServer\root\fans.html", "HTML", 0, 0, 0, 0, 14, 0, 1, 1, 16
"d:\RECENT\校招\技术\Program\TinyWebServer\root\judge.html", "HTML", 0, 0, 0, 0, 22, 0, 0, 5, 27
"d:\RECENT\校招\技术\Program\TinyWebServer\root\log.html", "HTML", 0, 0, 0, 0, 20, 0, 0, 2, 22
"d:\RECENT\校招\技术\Program\TinyWebServer\root\logError.html", "HTML", 0, 0, 0, 0, 22, 0, 0, 2, 24
"d:\RECENT\校招\技术\Program\TinyWebServer\root\picture.html", "HTML", 0, 0, 0, 0, 14, 0, 1, 1, 16
"d:\RECENT\校招\技术\Program\TinyWebServer\root\register.html", "HTML", 0, 0, 0, 0, 20, 0, 0, 1, 21
"d:\RECENT\校招\技术\Program\TinyWebServer\root\registerError.html", "HTML", 0, 0, 0, 0, 21, 0, 0, 2, 23
"d:\RECENT\校招\技术\Program\TinyWebServer\root\video.html", "HTML", 0, 0, 0, 0, 16, 0, 0, 2, 18
"d:\RECENT\校招\技术\Program\TinyWebServer\root\welcome.html", "HTML", 0, 0, 0, 0, 26, 0, 0, 2, 28
"d:\RECENT\校招\技术\Program\TinyWebServer\test_pressure\README.md", "Markdown", 0, 0, 23, 0, 0, 0, 0, 11, 34
"d:\RECENT\校招\技术\Program\TinyWebServer\test_pressure\webbench-1.5\Makefile", "Makefile", 0, 32, 0, 0, 0, 0, 0, 9, 41
"d:\RECENT\校招\技术\Program\TinyWebServer\test_pressure\webbench-1.5\socket.c", "C", 0, 0, 0, 0, 0, 38, 13, 8, 59
"d:\RECENT\校招\技术\Program\TinyWebServer\test_pressure\webbench-1.5\webbench.c", "C", 0, 0, 0, 0, 0, 370, 53, 30, 453
"d:\RECENT\校招\技术\Program\TinyWebServer\threadpool\README.md", "Markdown", 0, 0, 6, 0, 0, 0, 0, 9, 15
"d:\RECENT\校招\技术\Program\TinyWebServer\threadpool\threadpool.h", "C++", 146, 0, 0, 0, 0, 0, 2, 5, 153
"d:\RECENT\校招\技术\Program\TinyWebServer\timer\README.md", "Markdown", 0, 0, 6, 0, 0, 0, 0, 2, 8
"d:\RECENT\校招\技术\Program\TinyWebServer\timer\lst_timer.cpp", "C++", 203, 0, 0, 0, 0, 0, 6, 16, 225
"d:\RECENT\校招\技术\Program\TinyWebServer\timer\lst_timer.h", "C++", 75, 0, 0, 0, 0, 0, 5, 23, 103
"d:\RECENT\校招\技术\Program\TinyWebServer\webserver.cpp", "C++", 359, 0, 0, 0, 0, 0, 48, 50, 457
"d:\RECENT\校招\技术\Program\TinyWebServer\webserver.h", "C++", 64, 0, 0, 0, 0, 0, 5, 14, 83
"Total", "-", 2368, 43, 274, 1, 175, 408, 214, 484, 3967